id,username,wine_id,rating,comment
1,user1,31,2,Adventure|Animation|Children|Comedy|Fantasy
2,user1,1029,3,Adventure|Children|Fantasy
3,user1,1061,3,Comedy|Romance
4,user1,1129,2,Comedy|Drama|Romance
5,user1,1172,4,Comedy
6,user1,1263,2,Action|Crime|Thriller
7,user1,1287,2,Comedy|Romance
8,user1,1293,2,Adventure|Children
9,user1,1339,3,Action
10,user1,1343,2,Action|Adventure|Thriller
11,user1,1371,2,Comedy|Drama|Romance
12,user1,1405,1,Comedy|Horror
13,user1,1953,4,Adventure|Animation|Children
14,user1,2105,4,Drama
15,user1,2150,3,Action|Adventure|Romance
16,user1,2193,2,Crime|Drama
17,user1,2294,2,Drama|Romance
18,user1,2455,2,Comedy
19,user1,2968,1,Comedy
20,user2,3671,3,Action|Comedy|Crime|Drama|Thriller
21,user2,10,4,Comedy|Crime|Thriller
22,user2,17,5,Crime|Drama|Horror|Mystery|Thriller
23,user2,39,5,Action|Crime|Thriller
24,user2,47,4,Drama|Sci-Fi
25,user2,50,4,Drama|Romance
26,user2,52,3,Drama
27,user2,62,3,Children|Drama
28,user2,110,4,Drama|Romance
29,user2,144,3,Adventure|Drama|Fantasy|Mystery|Sci-Fi
30,user2,150,5,Crime|Drama
31,user2,153,4,Drama
32,user2,161,3,Mystery|Sci-Fi|Thriller
33,user2,165,3,Children|Drama
34,user2,168,3,Drama|Romance
35,user2,185,3,Crime|Drama
36,user2,186,3,Documentary|IMAX
37,user2,208,3,Children|Comedy
38,user2,222,5,Comedy|Romance
39,user2,223,1,Drama
40,user2,225,3,Drama|War
41,user2,235,3,Action|Crime|Drama
42,user2,248,3,Drama
43,user2,253,4,Action|Adventure|Fantasy
44,user2,261,4,Comedy|Drama|Thriller
45,user2,265,5,Drama|Romance
46,user2,266,5,Mystery|Thriller
47,user2,272,3,Animation|Children|Drama|Musical|Romance
48,user2,273,4,Drama|Romance
49,user2,292,3,Crime|Mystery|Thriller
50,user2,296,4,Comedy|Drama|Romance
51,user2,300,3,Adventure|Drama
52,user2,314,4,Children|Comedy
53,user2,317,2,Drama
54,user2,319,1,Drama
55,user2,339,3,Comedy|Drama|Romance
56,user2,349,4,Drama|Mystery
57,user2,350,4,Adventure|Children|Fantasy
58,user2,356,3,Drama|Thriller
59,user2,357,3,Drama
60,user2,364,3,Comedy|Crime
61,user2,367,3,Comedy|Romance
62,user2,370,2,Comedy
63,user2,371,3,Action|Sci-Fi|Thriller
64,user2,372,3,Comedy|Romance
65,user2,377,3,Comedy
66,user2,382,3,Action|Comedy|Horror|Thriller
67,user2,405,2,Action
68,user2,410,3,Comedy|Drama
69,user2,454,4,Drama|War
70,user2,457,3,Drama|Romance
71,user2,468,4,Action|Sci-Fi|Thriller
72,user2,474,2,Documentary
73,user2,480,4,Action|Crime|Drama|Thriller
74,user2,485,3,Drama|Thriller
75,user2,497,3,Children|Drama
76,user2,500,4,Crime|Drama|Romance
77,user2,508,4,Comedy|Drama
78,user2,509,4,Drama|Romance
79,user2,515,4,Comedy|Drama
80,user2,527,4,Drama|Romance
81,user2,537,4,Action|Adventure|Drama
82,user2,539,3,Children|Comedy
83,user2,550,3,Comedy
84,user2,551,5,Action|Thriller
85,user2,552,3,Drama|Horror|Thriller
86,user2,585,5,Comedy|Horror|Romance
87,user2,586,3,Comedy|Drama|Romance
88,user2,587,3,Action|Adventure|Thriller
89,user2,588,3,Comedy|Drama
90,user2,589,5,Crime|Drama
91,user2,590,5,Action|Thriller
92,user2,592,5,Documentary
93,user2,593,3,Drama|Thriller
94,user2,616,3,Adventure|Comedy|Crime|Romance
95,user2,661,4,Comedy
96,user3,720,4,Mystery|Sci-Fi|Thriller
97,user3,60,3,Comedy
98,user3,110,4,Drama|Romance
99,user3,247,3,Adventure|Children|Comedy|Musical
100,user3,267,3,Documentary
101,user3,296,4,Action|Drama|War
102,user3,318,5,Crime|Drama|Thriller
103,user3,355,2,Action|Adventure|Comedy|Crime
104,user3,356,5,Drama|Mystery
105,user3,377,2,Drama
106,user3,527,3,Documentary
107,user3,588,3,Crime|Drama
108,user3,592,3,Comedy|Romance
109,user3,593,3,Comedy
110,user3,595,2,Drama
111,user3,736,3,Comedy|Romance
112,user3,778,4,Drama|Mystery|Romance
113,user3,866,3,Drama
114,user3,1197,5,Comedy
115,user3,1210,3,Adventure|Children|Fantasy
116,user3,1235,4,Comedy|Romance
117,user3,1271,3,Drama
118,user3,1378,4,Drama|Romance
119,user3,1580,3,Thriller
120,user3,1721,4,Comedy
121,user3,1884,4,Documentary
122,user3,2028,4,Drama|Romance
123,user3,2318,4,Comedy
124,user3,2513,3,Comedy
125,user3,2694,3,Action|Comedy|Crime|Drama|Thriller
126,user3,2702,3,Adventure|Children
127,user3,2716,3,Drama
128,user3,2762,3,Drama
129,user3,2841,4,Crime|Drama|Thriller
130,user3,2858,4,Adventure|Drama|IMAX
131,user3,2959,5,Action|Drama|Romance|War
132,user3,3243,3,Drama|Horror
133,user3,3510,4,Action|Adventure|Comedy|Crime
134,user3,3949,5,Drama
135,user3,5349,3,Adventure|Drama|War
136,user3,5669,3,Comedy|Drama
137,user3,6377,3,Comedy|War
138,user3,7153,2,Adventure|Children
139,user3,7361,3,Crime|Drama|Mystery
140,user3,8622,3,Action|Adventure|Mystery|Sci-Fi
141,user3,8636,3,Drama|Thriller|War
142,user3,27369,3,Documentary
143,user3,44191,3,Action|Romance|Western
144,user3,48783,4,Crime|Film-Noir|Mystery|Thriller
145,user3,50068,4,Action|Crime|Thriller
146,user3,58559,3,Comedy|Crime|Drama
147,user4,84236,4,Drama
148,user4,10,4,Action|Drama|Romance
149,user4,34,5,Adventure|Children|Drama
150,user4,112,5,Action|Adventure|Crime|Thriller
151,user4,141,5,Comedy|Drama
152,user4,153,4,Action|Sci-Fi|Thriller
153,user4,173,3,Action|Crime|Sci-Fi
154,user4,185,3,Comedy
155,user4,260,5,Drama
156,user4,289,4,Comedy
157,user4,296,5,Horror
158,user4,329,3,Comedy|Drama
159,user4,349,5,Drama|Romance
160,user4,356,5,Comedy|Romance
161,user4,357,5,Action|Children
162,user4,364,5,Comedy|Horror|Thriller
163,user4,367,4,Drama
164,user4,380,3,Action|Crime|Thriller
165,user4,410,3,Comedy|Romance
166,user4,431,3,Comedy
167,user4,434,4,Fantasy|Horror|Mystery
168,user4,435,1,Comedy|Fantasy
169,user4,440,4,Thriller
170,user4,442,4,Drama|Romance
171,user4,464,4,Drama
172,user4,480,5,Comedy|Drama
173,user4,541,5,Comedy|Drama|Romance
174,user4,588,5,Horror|Sci-Fi
175,user4,589,5,Action|Crime|Drama|Mystery|Sci-Fi|Thriller
176,user4,590,3,Drama|Musical|Romance
177,user4,594,5,Thriller
178,user4,596,5,Drama|Fantasy
179,user4,610,4,Drama|Romance
180,user4,616,5,Comedy
181,user4,858,5,Action
182,user4,903,5,Comedy|Drama
183,user4,910,4,Documentary
184,user4,913,5,Drama|Romance
185,user4,919,5,Action|Adventure|Sci-Fi
186,user4,1011,4,Drama
187,user4,1016,4,Drama
188,user4,1022,5,Drama
189,user4,1028,5,Drama|War
190,user4,1030,5,Drama|Romance
191,user4,1031,5,Comedy
192,user4,1032,5,Drama|Thriller
193,user4,1033,5,Comedy|Drama
194,user4,1036,5,Drama
195,user4,1073,5,Horror
196,user4,1079,5,Drama|Romance
197,user4,1089,5,Comedy
198,user4,1097,5,Comedy|Drama|Romance
199,user4,1125,5,Drama|Thriller
200,user4,1127,5,Action|Thriller
201,user4,1136,5,Comedy
202,user4,1194,5,Drama|Thriller
203,user4,1196,5,Drama|Thriller
204,user4,1197,5,Adventure|Comedy
205,user4,1198,5,Comedy|Drama|Romance
206,user4,1200,5,Drama
207,user4,1206,5,Comedy
208,user4,1208,5,Comedy|Drama
209,user4,1210,5,Action|Comedy|Romance
210,user4,1213,5,Comedy|Romance
211,user4,1214,5,Adventure|Children
212,user4,1219,5,Animation|Children|Comedy|Romance
213,user4,1220,5,Thriller
214,user4,1222,5,Children|Drama
215,user4,1225,5,Drama|Musical
216,user4,1230,5,Children|Comedy|Fantasy
217,user4,1240,5,Animation|Children
218,user4,1243,5,Crime|Drama
219,user4,1257,5,Documentary
220,user4,1258,5,Crime|Drama
221,user4,1259,4,Comedy
222,user4,1265,5,Drama|Romance
223,user4,1270,5,Children|Comedy
224,user4,1278,5,Action
225,user4,1282,5,Comedy|Romance
226,user4,1285,4,Drama|Horror
227,user4,1288,5,Drama
228,user4,1291,5,Comedy
229,user4,1298,4,Comedy|Sci-Fi
230,user4,1307,4,Mystery|Thriller
231,user4,1332,4,Adventure|Children|Comedy|Fantasy|Romance
232,user4,1334,5,Crime|Drama|Thriller
233,user4,1344,5,Action|Adventure|Sci-Fi
234,user4,1356,4,Drama
235,user4,1371,4,Children|Drama
236,user4,1372,3,Drama
237,user4,1374,4,Drama
238,user4,1376,3,Drama|Fantasy|Romance
239,user4,1377,3,Drama|Romance|War|Western
240,user4,1380,5,Comedy
241,user4,1387,5,Crime|Drama
242,user4,1388,4,Drama
243,user4,1396,5,Drama|Romance
244,user4,1544,3,Drama
245,user4,1580,5,Comedy|Drama
246,user4,1663,4,Drama|Horror|Sci-Fi
247,user4,1674,5,Comedy
248,user4,1805,1,Comedy
249,user4,1858,5,Comedy|Romance
250,user4,1917,4,Drama
251,user4,1918,2,Comedy
252,user4,1953,5,Drama
253,user4,1954,5,Drama|Thriller
254,user4,1961,5,Comedy|Drama|Romance
255,user4,1967,3,Drama
256,user4,1968,5,Crime|Drama
257,user4,1994,5,Drama|Horror
258,user4,2000,5,Comedy|Romance
259,user4,2002,3,Action|Crime|Thriller
260,user4,2003,2,Comedy|Romance
261,user4,2005,5,Crime|Drama
262,user4,2014,4,Drama|Thriller
263,user4,2018,5,Action|Drama|Sci-Fi|Thriller
264,user4,2020,4,Action|Crime|Drama|Thriller
265,user4,2021,4,Comedy|Romance
266,user4,2033,4,Comedy|Romance
267,user4,2034,4,Comedy|Crime|Drama|Thriller
268,user4,2046,5,Drama
269,user4,2054,3,Drama
270,user4,2064,5,Drama|Romance
271,user4,2078,5,Drama|Romance
272,user4,2080,5,Action|Thriller|Western
273,user4,2081,4,Comedy|Drama
274,user4,2085,5,Comedy
275,user4,2086,5,Drama
276,user4,2087,5,Drama
277,user4,2091,5,Comedy|Drama
278,user4,2094,4,Drama
279,user4,2096,5,Comedy
280,user4,2100,5,Animation|Children
281,user4,2102,5,Children|Drama|Fantasy|Mystery
282,user4,2105,4,Action|Drama|Thriller
283,user4,2109,5,Action|Adventure|Sci-Fi
284,user4,2110,3,Comedy|Drama|Fantasy
285,user4,2114,5,Crime|Drama
286,user4,2115,5,Comedy|Drama|Thriller
287,user4,2124,4,Film-Noir|Thriller
288,user4,2140,5,Drama
289,user4,2141,4,Comedy|Drama
290,user4,2143,4,Comedy|Drama
291,user4,2144,5,Comedy
292,user4,2161,5,Drama
293,user4,2174,5,Action|Comedy|Sci-Fi
294,user4,2193,3,Horror|Thriller
295,user4,2194,5,Adventure|Drama|Sci-Fi
296,user4,2248,4,Action|Crime|Horror
297,user4,2263,3,Drama
298,user4,2268,5,Horror|Sci-Fi
299,user4,2289,5,Comedy
300,user4,2348,4,Drama
301,user4,2371,4,Mystery|Thriller
302,user4,2403,4,Drama|War
303,user4,2406,5,Drama
304,user4,2409,4,Action|Sci-Fi|Thriller
305,user4,2454,5,Comedy|Romance
306,user4,2467,5,Adventure|Drama|War
307,user4,2551,4,Drama
308,user4,2616,1,Comedy
309,user4,2628,5,Children
310,user4,2640,5,Comedy
311,user4,2659,3,Comedy|Drama
312,user4,2683,4,Drama|Musical
313,user4,2699,4,Drama|Film-Noir|Romance
314,user4,2716,5,Comedy
315,user4,2723,5,Action|Crime|Drama|Thriller
316,user4,2734,4,Drama|Mystery|Thriller
317,user4,2770,1,Comedy|Drama|Romance
318,user4,2788,5,Comedy|Drama
319,user4,2791,5,Action|Crime|Fantasy|Thriller
320,user4,2795,4,Drama
321,user4,2797,5,Children|Comedy|Fantasy
322,user4,2804,5,Comedy|Drama|Romance|War
323,user4,2822,3,Comedy|Romance
324,user4,2867,3,Drama
325,user4,2872,5,Action|Comedy
326,user4,2877,5,Comedy|Drama|Romance
327,user4,2902,2,Adventure|Children|Romance
328,user4,2903,1,Documentary
329,user4,2916,4,Adventure|Animation|Children|Drama|Musical|IMAX
330,user4,2918,5,Drama
331,user4,2968,5,Drama|Horror|Mystery|Thriller
332,user4,2986,3,Action|Comedy|Crime|Fantasy
333,user4,2987,5,Adventure|Comedy|Western
334,user4,2991,5,Drama
335,user4,3016,3,Action|Comedy
336,user4,3034,5,Comedy|Drama
337,user4,3039,4,Comedy|Drama|Romance
338,user4,3040,5,Thriller
339,user4,3060,5,Children|Comedy
340,user4,3071,4,Drama
341,user4,3101,4,Action|Thriller
342,user4,3104,4,Action|Romance|Thriller
343,user4,3108,5,Comedy|Romance
344,user4,3169,4,Action|Sci-Fi|Thriller
345,user4,3208,2,Action|Adventure|Comedy|Romance|Thriller
346,user4,3210,4,Drama|Romance
347,user4,3251,5,Drama|Horror|Romance|Thriller
348,user4,3255,4,Western
349,user4,3263,3,Action|Crime|Drama
350,user4,3265,5,Action|Comedy
351,user5,4006,2,Drama
352,user5,3,4,Drama|Romance|War
353,user5,39,4,Action|Crime|Drama
354,user5,104,4,Crime|Drama
355,user5,141,4,Adventure|Animation
356,user5,150,4,Action|Adventure|Fantasy
357,user5,231,3,Action|Thriller
358,user5,277,4,Action|Fantasy
359,user5,344,3,Horror|Thriller
360,user5,356,4,Drama
361,user5,364,4,Crime|Drama
362,user5,367,4,Children|Comedy|Fantasy
363,user5,377,4,Drama
364,user5,440,4,Comedy
365,user5,500,4,Comedy
366,user5,586,4,Comedy|Thriller
367,user5,588,3,Western
368,user5,595,4,Comedy|Romance
369,user5,597,5,Drama
370,user5,788,3,Comedy
371,user5,858,2,Action|Comedy|Crime|Thriller
372,user5,903,3,Adventure|Children|Drama
373,user5,919,4,Thriller
374,user5,1022,4,Action|Thriller
375,user5,1035,5,Drama
376,user5,1193,3,Drama|Romance
377,user5,1221,2,Horror|Sci-Fi|Thriller
378,user5,1247,4,Drama|Mystery|Romance|Thriller
379,user5,1307,4,Drama
380,user5,1380,5,Comedy
381,user5,1393,3,Crime|Drama
382,user5,1485,4,Adventure|Comedy|Western
383,user5,1544,3,Comedy
384,user5,1682,4,Action|Adventure|Thriller
385,user5,1721,4,Comedy|Sci-Fi
386,user5,1777,4,Drama|Thriller
387,user5,1784,4,Comedy
388,user5,1923,4,Action|Comedy|Drama
389,user5,1961,4,Drama
390,user5,1968,4,Comedy|Romance
391,user5,1997,3,Comedy
392,user5,2023,1,Action|Adventure|Sci-Fi
393,user5,2081,5,Adventure|Documentary
394,user5,2273,4,Comedy|Romance
395,user5,2294,4,Comedy
396,user5,2355,3,Drama|Romance
397,user5,2424,4,Comedy|Romance
398,user5,2502,3,Drama
399,user5,2683,4,Comedy
400,user5,2694,4,Comedy|Drama
401,user5,2706,4,Drama|Mystery|Romance
402,user5,2762,3,Drama
403,user5,2770,3,Comedy|Romance
404,user5,2918,3,Drama|Thriller
405,user5,2997,3,Adventure|Children|Drama
406,user5,3114,3,Crime|Drama|Thriller
407,user5,3176,3,Thriller
408,user5,3408,4,Drama|Western
409,user5,3753,3,Action|Adventure|Crime|Drama|Romance|Thriller
410,user5,3897,4,Comedy
411,user5,3948,3,Drama|Romance
412,user5,4014,4,Crime|Drama|Thriller
413,user5,4018,4,Action|Adventure|Crime|Thriller
414,user5,4022,3,Action|Drama|War
415,user5,4025,4,Action|Comedy|War
416,user5,4306,3,Comedy
417,user5,4308,3,Comedy|Romance
418,user5,4447,4,Drama|Romance
419,user5,4718,3,Comedy
420,user5,4963,3,Comedy
421,user5,4995,4,Comedy|Drama
422,user5,5266,3,Comedy|War
423,user5,5299,4,Action|Thriller
424,user5,5349,4,Drama
425,user5,5464,4,Comedy|Drama
426,user5,5669,3,Drama|Musical
427,user5,5679,4,Action|Crime|Thriller
428,user5,5816,3,Action|Adventure|Sci-Fi|Thriller
429,user5,5995,4,Drama|Thriller
430,user5,6218,3,Crime|Drama|Thriller
431,user5,6373,4,Drama
432,user5,6377,4,Adventure|Children
433,user5,6502,4,Action|Adventure|Comedy|Fantasy
434,user5,6711,2,Comedy
435,user5,6942,4,Comedy|Western
436,user5,8376,4,Drama|Romance
437,user5,8464,4,Comedy
438,user5,8622,3,Thriller
439,user5,8636,4,Drama
440,user5,8644,4,Comedy|Mystery
441,user5,30707,4,Action|Crime|Drama
442,user5,30749,4,Action|Adventure|Thriller
443,user5,30793,3,Drama
444,user5,33166,5,Comedy|Drama|Romance|Thriller
445,user5,33679,4,Comedy|Romance
446,user5,34162,4,Drama|Romance
447,user5,35836,4,Comedy|Romance
448,user5,40819,4,Comedy|Drama
449,user5,41566,4,Drama
450,user5,41569,4,Action|Children|Romance
451,user6,48385,4,Action|Drama|Sci-Fi
452,user6,111,4,Comedy
453,user6,158,2,Drama|Fantasy|Romance
454,user6,173,2,Crime|Drama|Thriller
455,user6,293,5,Drama
456,user6,596,4,Drama|Romance
457,user6,903,4,Drama
458,user6,1204,5,Action|Drama
459,user6,1250,4,Horror|Sci-Fi
460,user6,1259,4,Comedy|Mystery|Romance
461,user6,1276,4,Comedy
462,user6,1285,4,Drama|Romance
463,user6,1358,2,Comedy|Drama
464,user6,1639,2,Action|Drama|Mystery
465,user6,1687,2,Comedy
466,user6,1747,2,Action|Crime|Drama|Sci-Fi|Thriller
467,user6,1876,0,Comedy
468,user6,1909,3,Crime|Thriller
469,user6,2001,3,Action|Drama
470,user6,2019,4,Drama
471,user6,2072,4,Drama
472,user6,2174,4,Drama
473,user6,2502,3,Drama|War
474,user6,2528,3,Comedy|Drama
475,user6,2529,4,Drama
476,user6,2571,1,Children|Drama
477,user6,2657,2,Comedy|Crime|Horror
478,user6,2692,4,Action|Adventure|Fantasy|Mystery
479,user6,2723,3,Drama|Romance
480,user6,2761,4,Drama
481,user6,2890,3,Drama
482,user6,3052,1,Drama
483,user6,3114,4,Drama
484,user6,3300,3,Comedy|Drama|Romance
485,user6,3751,1,Thriller
486,user6,4641,1,Action|Sci-Fi|Thriller
487,user6,4975,1,Comedy|Drama|Romance
488,user6,5952,5,Comedy|Romance|Thriller
489,user6,7090,3,Action|Crime
490,user6,7153,5,Action|Adventure|Children|Comedy|Fantasy|Sci-Fi
491,user6,7361,4,Action|Adventure|Thriller
492,user6,8368,3,Action|Mystery|Thriller
493,user6,8636,4,Drama|Musical
494,user6,8784,3,Comedy|Romance
495,user7,8874,4,Animation|Children|Fantasy|Musical
496,user7,1,3,Action|Adventure|Comedy|Romance
497,user7,10,3,Action|Drama|Western
498,user7,21,3,Crime|Drama|Thriller
499,user7,31,3,Crime|Thriller
500,user7,34,4,Documentary
501,user7,40,4,Action|Adventure|Animation|Children|Fantasy
502,user7,104,3,Comedy
503,user7,110,5,Drama|Thriller
504,user7,112,4,Comedy|Drama
505,user7,141,4,Drama|Romance
506,user7,151,4,Comedy
507,user7,198,2,Drama|Horror
508,user7,207,3,Comedy|Drama
509,user7,260,5,Comedy|Drama
510,user7,272,3,Comedy|Drama
511,user7,316,2,Drama|Romance
512,user7,318,5,Drama
513,user7,329,3,Comedy|Drama
514,user7,333,3,Children|Comedy
515,user7,345,3,Adventure|Children|Drama
516,user7,355,3,Drama
517,user7,356,3,Documentary
518,user7,357,3,Comedy|Drama
519,user7,364,3,Comedy
520,user7,367,3,Children|Comedy
521,user7,377,3,Comedy|Drama|Fantasy|Romance|Thriller
522,user7,380,4,Adventure|Animation|Children|Comedy|Musical
523,user7,480,4,Action|Sci-Fi
524,user7,500,3,Adventure|Drama|Western
525,user7,534,4,Action|Crime|Thriller
526,user7,539,3,Crime|Horror|Thriller
527,user7,541,4,Animation|Children|Drama|Fantasy|Musical
528,user7,551,4,Animation|Children|Fantasy|Musical|Romance|IMAX
529,user7,588,4,Animation|Children|Fantasy|Musical
530,user7,589,3,Comedy|Romance
531,user7,590,4,Adventure|Western
532,user7,592,3,Action|Comedy|Crime
533,user7,594,4,Comedy
534,user7,595,3,Drama|Romance
535,user7,610,3,Fantasy|Horror
536,user7,671,4,Comedy|Crime|Drama|Thriller
537,user7,708,3,Adventure|Children
538,user7,720,5,Action|Adventure|Animation|Horror|Sci-Fi
539,user7,724,2,Action|Horror|Sci-Fi
540,user7,736,1,Comedy
541,user7,737,1,Drama|Romance
542,user7,745,5,Drama|Thriller
543,user7,780,3,Comedy|Drama
544,user7,786,2,Animation|Children
545,user7,924,4,Comedy|Drama
546,user7,1036,3,Comedy
547,user7,1073,3,Drama
548,user7,1079,4,Drama
549,user7,1080,4,Comedy
550,user7,1097,3,Drama|Thriller
551,user7,1125,3,Crime|Drama|Mystery|Thriller
552,user7,1129,3,Drama|Romance
553,user7,1136,4,Adventure|Animation|Children|Fantasy|Musical|Romance
554,user7,1148,5,Drama|War
555,user7,1196,5,Comedy
556,user7,1197,3,Comedy|Drama
557,user7,1198,5,Comedy
558,user7,1210,5,Romance
559,user7,1220,4,Comedy|Drama
560,user7,1223,5,Drama|Thriller
561,user7,1225,5,Action|Crime|Drama|War
562,user7,1231,4,Action|Adventure|Mystery|Thriller
563,user7,1240,4,Drama
564,user7,1242,5,Comedy
565,user7,1270,3,Action|Adventure|Fantasy
566,user7,1275,4,Comedy
567,user7,1278,3,Crime|Drama|Thriller
568,user7,1287,4,Adventure|Animation|Children|Fantasy|Musical
569,user7,1288,4,Thriller
570,user7,1291,3,Comedy
571,user7,1298,3,Comedy
572,user7,1302,4,Comedy|Drama|War
573,user7,1307,3,Action
574,user7,1353,3,Drama
575,user7,1371,3,Drama
576,user7,1372,3,Comedy|Sci-Fi
577,user7,1373,2,Adventure|Animation|Children|Comedy|Fantasy|Sci-Fi
578,user7,1374,4,Adventure|Comedy|Sci-Fi
579,user7,1375,3,Drama|Thriller
580,user7,1376,3,Drama
581,user7,1394,3,Drama|Mystery|Romance|Sci-Fi|Thriller
582,user7,1405,5,Crime
583,user8,1408,1,Drama
584,user8,32,5,Drama|Romance
585,user8,45,2,Action|Adventure|Comedy|War
586,user8,47,5,Drama|Romance
587,user8,50,5,Comedy|Romance
588,user8,110,4,Action|Sci-Fi|Thriller
589,user8,260,3,Action|Crime|Drama
590,user8,282,2,Mystery|Thriller
591,user8,296,4,Drama|Thriller
592,user8,318,5,Drama|Romance
593,user8,356,4,Drama
594,user8,457,4,Comedy
595,user8,520,3,Drama
596,user8,524,2,Drama
597,user8,527,5,Action|Adventure
598,user8,543,5,Comedy
599,user8,589,4,Crime|Drama|Thriller
600,user8,593,4,Comedy|Romance
601,user8,628,4,Adventure|Animation|Children|Comedy|Musical
602,user8,805,3,Comedy
603,user8,858,5,Adventure|Children
604,user8,1196,3,Drama|Mystery|Western
605,user8,1197,4,Drama|Romance
606,user8,1198,4,Comedy|Fantasy|Sci-Fi
607,user8,1210,4,Comedy
608,user8,1219,4,Adventure|Animation|Comedy
609,user8,1225,4,Drama
610,user8,1258,4,Documentary
611,user8,1259,4,Drama|Fantasy|Horror|Thriller
612,user8,1265,3,Comedy
613,user8,1270,4,Drama
614,user8,1291,4,Comedy
615,user8,1302,3,Crime|Thriller
616,user8,1358,0,Action|Adventure|Thriller
617,user8,1387,4,Horror
618,user8,1393,3,Action|Adventure|Romance|Thriller
619,user8,1500,4,Action|Sci-Fi
620,user8,1552,3,Animation|Sci-Fi
621,user8,1617,3,Horror|Thriller
622,user8,1625,5,Comedy
623,user8,1674,4,Animation|Children|Comedy
624,user8,1704,4,Film-Noir
625,user8,1754,3,Comedy
626,user8,1777,5,Action|Sci-Fi|Thriller
627,user8,1876,3,Comedy|War
628,user8,1961,5,Comedy|Drama|Romance
629,user8,2028,4,Adventure|Children
630,user8,2100,3,Children|Drama
631,user8,2139,3,Documentary
632,user8,2194,4,Drama
633,user8,2302,4,Documentary
634,user8,2324,4,Drama|War
635,user8,2329,5,Action|Adventure
636,user8,2353,3,Comedy|Crime
637,user8,2423,3,Drama|Romance
638,user8,2502,5,Comedy|Drama
639,user8,2571,5,Drama
640,user8,2716,3,Comedy|Drama
641,user8,2762,4,Documentary
642,user8,2770,2,Horror|Mystery
643,user8,2791,4,Comedy|Crime|Drama
644,user8,2797,3,Drama|Romance
645,user8,2804,3,Action|Adventure|Sci-Fi|Thriller
646,user8,2841,3,Drama
647,user8,2858,4,Drama|Thriller
648,user8,2918,5,Animation|Children|Drama|Musical|Romance
649,user8,2959,4,Comedy|Thriller
650,user8,3147,4,Comedy
651,user8,3578,5,Action|Drama|Thriller
652,user8,3916,3,Documentary
653,user8,3948,4,Comedy|Fantasy|Romance|Sci-Fi
654,user8,3996,4,Drama
655,user8,4011,4,Action|Adventure|Drama|Thriller
656,user8,4019,3,Comedy|Horror|Thriller
657,user8,4034,4,Drama|Mystery|Western
658,user8,4226,5,Children|Comedy
659,user8,4262,4,Drama|Romance
660,user8,4448,2,Comedy|Drama|Romance
661,user8,4886,3,Comedy|Romance
662,user8,4896,3,Drama|Thriller
663,user8,4963,4,Crime|Drama
664,user8,4973,4,Adventure|Children
665,user8,4993,3,Action|Adventure
666,user8,4995,3,Children|Comedy|Fantasy
667,user8,5064,5,Comedy
668,user8,5378,3,Drama
669,user8,5445,4,Comedy
670,user8,5464,4,Drama
671,user8,5630,4,Drama|Mystery
672,user8,5650,4,Adventure|Children
673,user8,5669,3,Comedy|Fantasy|Musical
674,user8,5952,4,Comedy
675,user8,5989,3,Drama
676,user8,6377,4,Crime|Thriller
677,user8,6378,3,Comedy
678,user8,6870,4,Comedy
679,user8,6874,5,Drama
680,user8,6879,3,Action|Adventure|Thriller
681,user8,7143,3,Children|Comedy|Fantasy
682,user8,7153,4,Comedy|Drama|Romance
683,user8,7361,4,Action|Thriller
684,user8,7438,4,Children|Comedy
685,user8,8533,2,Horror
686,user8,8784,4,Comedy|Horror
687,user8,8873,4,Drama
688,user8,8874,3,Drama
689,user8,32587,3,Drama
690,user8,33166,4,Drama
691,user8,33493,4,Action|Adventure|Sci-Fi|Thriller
692,user8,33794,4,Crime|Drama
693,user8,34162,3,Drama
694,user8,40583,3,Comedy|Drama|Romance
695,user8,40819,3,Drama
696,user8,42007,2,Crime|Drama
697,user8,43556,3,Action|Comedy|Crime|Thriller
698,user8,43871,3,Comedy|Drama
699,user9,44004,3,Drama
700,user9,1,4,Crime|Drama|Romance|Thriller
701,user9,17,4,Comedy|Crime
702,user9,26,3,Crime|Drama|Musical|Thriller
703,user9,36,5,Comedy
704,user9,47,3,Drama
705,user9,318,4,Action|Crime|Drama
706,user9,497,4,Action|Comedy|Crime|Thriller
707,user9,515,4,Horror|Thriller
708,user9,527,5,Sci-Fi|Thriller
709,user9,534,5,Children|Comedy
710,user9,593,4,Drama|Thriller
711,user9,608,5,Children|Drama|Fantasy
712,user9,733,2,Action|Comedy|Crime
713,user9,1059,5,Adventure|Animation|Children|Musical
714,user9,1177,3,Drama|Romance
715,user9,1357,4,Horror|Thriller
716,user9,1358,4,Comedy|Drama|Romance
717,user9,1411,3,Drama
718,user9,1541,2,Drama
719,user9,1584,4,Adventure|Drama|Romance|War
720,user9,1680,4,Comedy|Drama|Romance
721,user9,1682,5,Comedy|Musical|Romance
722,user9,1704,4,Musical|Romance
723,user9,1721,3,Comedy|Musical
724,user9,1784,5,Drama|Romance
725,user9,2028,4,Drama|Mystery|Romance|Thriller
726,user9,2125,4,Mystery|Thriller
727,user9,2140,4,Comedy|Romance
728,user9,2249,4,Drama|Thriller
729,user9,2268,3,Comedy|Musical|Romance
730,user9,2273,3,Action|Adventure|Mystery|Romance|Thriller
731,user9,2278,4,Comedy|Drama|Romance
732,user9,2291,4,Comedy|Crime
733,user9,2294,2,Comedy|Crime|Mystery|Romance|Thriller
734,user9,2302,4,Drama|Romance
735,user9,2391,4,Film-Noir|Mystery
736,user9,2396,4,Comedy|Drama|Musical|Romance
737,user9,2427,2,Comedy|Romance
738,user9,2490,3,Comedy|Drama|Romance
739,user9,2501,4,Children|Drama
740,user9,2539,2,Musical
741,user9,2571,5,Adventure|Children|Fantasy|Musical
742,user9,2628,3,Drama|Romance|War
743,user9,2762,4,Comedy
744,user10,2857,4,Drama|Film-Noir|Romance
745,user10,50,5,Drama|Mystery
746,user10,152,4,Adventure|Drama|Sci-Fi
747,user10,318,4,Drama
748,user10,344,3,Comedy
749,user10,345,4,Drama|Mystery|Romance|Thriller
750,user10,592,3,Drama|Film-Noir|Mystery|Thriller
751,user10,735,4,Film-Noir|Romance|Thriller
752,user10,1036,3,Mystery|Romance|Thriller
753,user10,1089,3,Drama|Romance
754,user10,1101,2,Crime|Mystery|Romance|Thriller
755,user10,1127,4,Comedy
756,user10,1196,4,Comedy|Musical
757,user10,1197,4,Comedy|Romance
758,user10,1198,4,Comedy|Romance
759,user10,1200,4,Musical
760,user10,1210,4,Comedy|Drama
761,user10,1220,3,Action|Adventure|Romance
762,user10,1240,4,Adventure
763,user10,1291,4,Crime|Film-Noir|Mystery
764,user10,1358,5,Drama|Fantasy|Romance
765,user10,1423,4,Drama
766,user10,1459,3,Comedy|Musical|Romance
767,user10,1499,3,Comedy|Drama|War
768,user10,1611,5,Comedy|Romance
769,user10,1690,3,Drama|Romance|Western
770,user10,1704,4,Drama
771,user10,1719,5,Comedy|Crime
772,user10,1887,2,Comedy|Romance
773,user10,1923,5,Adventure|Comedy
774,user10,2108,3,Children|Drama|Fantasy|Romance
775,user10,2344,5,Drama
776,user10,2406,4,Comedy|Romance
777,user10,2410,2,Drama|Romance
778,user10,2539,4,Drama
779,user10,2571,5,Crime|Drama
780,user10,2826,5,Drama
781,user10,2827,3,Crime|Drama
782,user10,2840,3,Musical
783,user10,2841,4,Romance|Western
784,user10,2881,3,Drama|Mystery|Thriller
785,user10,2890,4,Drama|War
786,user10,2907,2,Horror|Sci-Fi|Thriller
787,user10,2926,5,Adventure|Comedy|Romance|War
788,user10,2995,2,Adventure|Comedy|Crime|Drama|Romance
789,user10,3005,3,Drama
790,user11,3019,4,Drama
791,user11,50,5,Comedy|Drama
792,user11,70,1,Romance|War
793,user11,126,4,Action
794,user11,169,3,Drama
795,user11,296,5,Drama
796,user11,778,4,Comedy|Drama
797,user11,785,3,Adventure|Children
798,user11,923,5,Drama|Romance
799,user11,1027,4,Comedy|Drama
800,user11,1201,5,Action|Adventure|Thriller
801,user11,1408,5,Drama
802,user11,1918,3,Thriller
803,user11,2042,3,Comedy|Drama
804,user11,2596,4,Action|Crime|Drama|Thriller
805,user11,2762,3,Drama|Thriller
806,user11,3424,3,Action|Crime
807,user11,5669,3,Crime|Film-Noir
808,user11,6598,5,Drama|Thriller
809,user11,26614,5,Action|Thriller
810,user11,48516,5,Children|Comedy
811,user11,51084,4,Drama
812,user11,58295,4,Children|Comedy|Western
813,user11,71211,3,Adventure|Western
814,user11,77455,4,Adventure|Children|Fantasy
815,user11,79132,4,Children|Comedy
816,user11,80489,4,Children|Comedy|Fantasy|Romance
817,user11,80906,3,Children|Drama
818,user11,81158,4,Children|Comedy|Romance
819,user11,81562,3,Children|Comedy|Drama
820,user11,88129,4,Adventure|Children|Drama
821,user11,91500,4,Children|Comedy
822,user11,91529,4,Adventure|Children
823,user11,91548,4,Children|Comedy|Mystery
824,user11,96079,4,Adventure|Drama|Sci-Fi
825,user11,96861,4,Comedy
826,user11,97938,4,Children|Comedy
827,user11,104841,5,Animation|Children|Fantasy|Musical|Romance
828,user12,106487,5,Animation|Children|Musical
829,user12,253,3,Animation|Children|Musical
830,user12,529,1,Animation|Children|Fantasy|Musical
831,user12,538,3,Children|Drama
832,user12,608,2,Adventure|Drama
833,user12,673,1,Children|Comedy|Fantasy|Musical
834,user12,736,4,Animation|Children|Drama|Musical
835,user12,737,3,Adventure|Animation|Children|Musical
836,user12,1028,1,Adventure|Children|Musical
837,user12,1032,2,Adventure|Animation|Children|Fantasy|Musical
838,user12,1077,3,Animation|Children|Drama
839,user12,1197,1,Comedy|Crime|Drama|Thriller
840,user12,1215,5,Musical|Romance
841,user12,1220,5,Action|Crime|Thriller
842,user12,1230,2,Action|Horror|Sci-Fi|Thriller
843,user12,1235,5,Drama
844,user12,1295,1,Drama
845,user12,1374,1,Comedy|Drama
846,user12,1387,4,Drama|Romance
847,user12,1639,2,Drama
848,user12,1732,3,Drama|Romance
849,user12,2259,2,Action|Drama|Thriller
850,user12,2355,2,Action|Adventure
851,user12,2460,4,Documentary|Drama
852,user12,2529,1,Drama
853,user12,2668,2,Crime|Drama|Romance
854,user12,2959,4,Drama
855,user12,3146,2,Thriller
856,user12,3148,1,Drama
857,user12,3176,3,Comedy|Musical|Romance
858,user12,3179,2,Drama|Romance
859,user12,3298,4,Comedy|Drama
860,user12,3324,1,Thriller
861,user12,3408,4,Drama
862,user12,3474,4,Animation|Children|Comedy|Fantasy|Musical|Romance
863,user12,3770,3,Comedy|Musical|Romance
864,user12,3773,2,Comedy|Musical|Romance
865,user12,3780,2,Crime|Film-Noir
866,user12,3791,1,Crime|Film-Noir|Thriller
867,user12,3793,5,Children|Comedy|Fantasy|Musical
868,user12,3794,3,Drama|Horror|Thriller
869,user12,3798,4,Comedy|Sci-Fi
870,user12,3799,1,Comedy|War
871,user12,3801,3,Comedy|Crime
872,user12,3809,3,Comedy
873,user12,3825,5,Comedy|Musical|Romance
874,user12,3827,2,Drama
875,user12,3829,2,Comedy|Musical
876,user12,3831,4,Crime|Drama
877,user12,3841,2,Adventure|Drama
878,user12,3844,1,Crime|Mystery|Thriller
879,user12,3861,3,Musical
880,user12,3863,5,Drama|Musical|Romance
881,user12,3864,3,Crime|Mystery|Thriller
882,user12,3865,5,Drama|War
883,user12,3869,2,Comedy
884,user12,3871,2,Crime|Mystery|Thriller
885,user12,3873,3,Drama
886,user12,3879,5,Drama|Romance|Thriller
887,user12,3885,3,Drama
888,user12,3886,2,Drama
889,user13,6184,4,Children|Drama|Sci-Fi
890,user13,1,5,Children|Drama|Fantasy
891,user13,47,2,Action|Drama|Romance
892,user13,110,4,Action|Romance
893,user13,277,4,Drama
894,user13,296,3,Drama
895,user13,318,4,Horror
896,user13,356,5,Documentary
897,user13,362,4,Action|Comedy|Drama
898,user13,480,3,Comedy
899,user13,524,3,Crime|Drama
900,user13,527,4,Comedy|Drama
901,user13,531,4,Documentary
902,user13,587,3,Drama
903,user13,590,4,Comedy|Crime
904,user13,914,4,Comedy|Fantasy
905,user13,919,3,Action|Adventure|Sci-Fi|Thriller
906,user13,1027,3,Horror
907,user13,1259,4,Action|Adventure|Sci-Fi|Thriller
908,user13,1265,2,Horror|Mystery
909,user13,1918,3,Drama|Mystery
910,user13,1961,4,Drama
911,user13,2355,4,Comedy|Drama
912,user13,2571,3,Comedy
913,user13,2572,3,Adventure|Comedy|Fantasy
914,user13,2761,4,Romance
915,user13,2762,3,Documentary
916,user13,2804,3,Documentary
917,user13,2908,3,Animation|Children|Comedy|Crime
918,user13,2918,3,Drama
919,user13,3114,3,Animation|Comedy|Drama|Fantasy
920,user13,3147,4,Crime|Film-Noir|Thriller
921,user13,3255,3,Film-Noir
922,user13,3396,3,Film-Noir
923,user13,3624,3,Drama|War
924,user13,4306,4,Comedy|Drama
925,user13,4310,4,Drama
926,user13,4321,2,Drama
927,user13,4718,3,Drama|Thriller
928,user13,4878,4,Comedy
929,user13,4886,3,Action|Adventure|Horror
930,user13,4993,4,Documentary
931,user13,5989,4,Comedy
932,user13,6377,4,Drama
933,user13,7361,4,Comedy|Drama
934,user13,7502,4,Comedy
935,user13,54286,3,Comedy|Drama|Romance
936,user13,58559,4,Drama|Fantasy|Romance
937,user13,64614,4,Drama|Romance
938,user13,69757,4,Drama|War
939,user13,78499,4,Crime|Drama|Film-Noir
940,user13,81834,4,Comedy
941,user13,88125,4,Western
942,user14,93363,3,Drama|Romance|War
943,user14,594,1,Comedy|Drama
944,user14,1196,4,Drama
945,user14,1721,3,Drama
946,user14,2038,3,Drama
947,user14,2355,2,Comedy|Romance
948,user14,2394,3,Documentary
949,user14,2628,3,Crime|Drama|Romance
950,user14,2683,2,Documentary|Musical
951,user14,2716,3,Documentary
952,user14,2720,2,Drama
953,user14,2724,3,Comedy
954,user14,2861,2,Action|Adventure|Sci-Fi
955,user14,3114,4,Action|Adventure|Comedy|Fantasy|Romance
956,user14,3157,2,Action|Adventure
957,user14,3175,5,Fantasy|Sci-Fi
958,user14,3354,3,Action|Adventure|Horror|Sci-Fi
959,user14,3623,3,Action|Adventure|Western
960,user14,3751,4,Comedy
961,user14,3986,3,Drama
962,user15,3988,4,Adventure|Drama|War
963,user15,1,2,Crime|Drama|Sci-Fi|Thriller
964,user15,2,2,Drama
965,user15,5,4,Action|Drama|War
966,user15,6,4,Action|Drama|Western
967,user15,10,3,Action|Adventure|Sci-Fi
968,user15,11,2,Drama|Fantasy|Romance
969,user15,14,2,Film-Noir|Mystery|Thriller
970,user15,16,3,Crime|Drama
971,user15,17,3,Horror|Sci-Fi
972,user15,19,1,Action|Adventure|Comedy|Fantasy|Horror
973,user15,21,4,Adventure|Drama|Romance
974,user15,22,2,Drama|War
975,user15,25,3,Action|Crime|Drama|Thriller
976,user15,32,4,Crime|Horror
977,user15,34,3,Action|Comedy|Musical
978,user15,36,1,Crime|Drama
979,user15,39,2,Drama|War
980,user15,44,3,Adventure|Animation|Children|Comedy|Sci-Fi
981,user15,47,5,Action|Drama|Romance|War
982,user15,50,5,Drama
983,user15,52,2,Drama|Romance
984,user15,62,2,Crime|Drama
985,user15,70,0,Drama
986,user15,82,5,Comedy|Romance
987,user15,94,3,Drama
988,user15,95,1,Drama|Mystery|Sci-Fi
989,user15,101,4,Action|Drama|War
990,user15,104,1,Comedy|Crime
991,user15,107,2,Comedy|Drama|Romance
992,user15,110,3,Comedy|Drama|Romance
993,user15,111,5,Drama
994,user15,112,2,Comedy
995,user15,123,4,Action|Sci-Fi|Thriller
996,user15,125,3,Comedy|Fantasy|Horror
997,user15,145,3,Drama|War
998,user15,149,5,Comedy|Drama
999,user15,150,3,Comedy|Drama|Romance
1000,user15,153,1,Crime|Drama|Film-Noir|Thriller
